ATOM	2726	C	TS4	A	350	-1.224	7.856	-3.512	1.0	0.0	C
ATOM	2727	C	TS4	A	350	-0.05	8.144	-2.857	1.0	0.0	C
ATOM	2728	C	TS4	A	350	0.581	7.123	-2.157	1.0	0.0	C
ATOM	2729	C	TS4	A	350	0.081	5.839	-2.093	1.0	0.0	C
ATOM	2730	C	TS4	A	350	-1.115	5.578	-2.77	1.0	0.0	C
ATOM	2731	C	TS4	A	350	-1.756	6.593	-3.476	1.0	0.0	C
ATOM	2732	O	TS4	A	350	-2.946	6.267	-4.136	1.0	0.0	O
ATOM	2733	C	TS4	A	350	-1.928	8.923	-4.245	1.0	0.0	C
ATOM	2734	C	TS4	A	350	-3.474	9.715	-2.434	1.0	0.0	C
ATOM	2735	C	TS4	A	350	-2.376	10.055	-3.402	1.0	0.0	C
